cell_line,method,seed,nsc1,nsc2,conc1_M,conc2_M,percent_growth,final_regret,source
DU-145,combo_diffusion,0,226080,754143,9.99999993922529e-09,9.99999993922529e-09,-64.06999969482422,29.269996643066406,bo_selection
DU-145,bocs_sparse,0,6396,754143,1.0000000116860974e-07,9.99999993922529e-09,-73.33000183105469,20.009994506835938,bo_selection
DU-145,combo_diffusion,2,3053,9706,9.99999993922529e-09,4.999999873689376e-06,-42.7400016784668,50.59999465942383,bo_selection
DU-145,bocs_sparse,2,3053,3088,9.99999993922529e-09,9.999999747378752e-05,-54.305999755859375,39.03399658203125,bo_selection
DU-145,combo_diffusion,1,79037,141540,4.999999873689376e-05,4.999999873689376e-06,-33.89899826049805,59.44099807739258,bo_selection
DU-145,bocs_sparse,1,79037,141540,4.999999873689376e-05,4.999999873689376e-06,-33.89899826049805,59.44099807739258,bo_selection
DU-145,combo_diffusion,3,9706,754230,4.999999873689376e-06,5.999999941330714e-10,-29.780000686645508,63.55999565124512,bo_selection
DU-145,bocs_sparse,3,9706,79037,4.999999873689376e-06,3.000000106112566e-06,-58.16999816894531,35.16999816894531,bo_selection
DU-145,combo_diffusion,5,755,719344,1.9999999949504854e-06,1.0000000116860974e-07,1.5199999809265137,94.85999631881714,bo_selection
DU-145,bocs_sparse,5,755,609699,1.999999987845058e-08,1.0000000116860974e-07,1.0399999618530273,94.37999629974365,bo_selection
DU-145,combo_diffusion,4,719276,761432,9.99999993922529e-09,5.000000058430487e-08,-59.93600082397461,33.403995513916016,bo_selection
DU-145,bocs_sparse,4,125066,681239,9.999999974752427e-07,3.000000106112566e-07,-56.58000183105469,36.75999450683594,bo_selection
DU-145,combo_diffusion,6,26980,719627,4.999999987376214e-07,4.999999987376214e-07,0.17000000178813934,93.50999633967876,bo_selection
DU-145,bocs_sparse,6,246131,719627,1.9999999494757503e-05,4.999999987376214e-07,-20.780000686645508,72.55999565124512,bo_selection
DU-145,combo_diffusion,7,66847,754143,9.999999974752427e-07,9.99999993922529e-09,-38.16999816894531,55.16999816894531,bo_selection
DU-145,bocs_sparse,7,241240,754143,1.9999999494757503e-05,9.99999993922529e-09,-93.33999633789062,0.0,bo_selection
DU-145,combo_diffusion,8,9706,613327,4.999999873689376e-06,1.000000013351432e-10,-45.93000030517578,47.409996032714844,bo_selection
DU-145,bocs_sparse,8,9706,754143,4.999999873689376e-06,9.999999717180685e-10,-52.45000076293945,40.88999557495117,bo_selection
DU-145,combo_diffusion,9,1390,9706,9.999999974752427e-07,4.999999873689376e-06,-38.38999938964844,54.94999694824219,bo_selection
DU-145,bocs_sparse,9,241240,754143,1.9999999494757503e-05,9.99999993922529e-09,-93.33999633789062,0.0,bo_selection
HT29,combo_diffusion,1,118218,754230,6.000000212225132e-07,5.999999802552836e-11,11.199999809265137,106.75999736785889,bo_selection
HT29,bocs_sparse,1,755,628503,1.9999999949504854e-06,3.999999886872274e-09,3.5899999141693115,99.14999747276306,bo_selection
HT29,combo_diffusion,0,14229,713563,3.000000106112566e-06,9.99999993922529e-09,0.7179999947547913,96.27799755334854,bo_selection
HT29,bocs_sparse,0,24559,686673,9.999999974752427e-07,1.9999999494757503e-05,4.170000076293945,99.7299976348877,bo_selection
HT29,combo_diffusion,2,752,49842,9.999999747378752e-06,5.000000058430487e-08,1.809999942779541,97.36999750137329,bo_selection
HT29,bocs_sparse,2,752,14229,9.999999747378752e-06,3.000000106112566e-06,1.0729999542236328,96.63299751281738,bo_selection
HT29,combo_diffusion,3,92859,732517,6.000000212225132e-06,9.999999717180685e-10,0.3799999952316284,95.93999755382538,bo_selection
HT29,bocs_sparse,3,92859,702294,6.000000212225132e-06,9.999999747378752e-05,1.2400000095367432,96.7999975681305,bo_selection
HT29,combo_diffusion,4,3088,92859,9.999999747378752e-05,4.999999987376214e-07,22.570999145507812,118.13099670410156,bo_selection
HT29,bocs_sparse,4,92859,698037,4.999999987376214e-07,9.999999974752427e-07,18.17300033569336,113.73299789428711,bo_selection
HT29,combo_diffusion,5,226080,713563,4.999999858590343e-10,9.999999747378752e-05,8.251999855041504,103.81199741363525,bo_selection
HT29,bocs_sparse,5,673596,713563,2.999999892949745e-08,9.999999747378752e-05,4.552999973297119,100.11299753189087,bo_selection
HT29,combo_diffusion,6,18509,266046,9.999999974752427e-07,4.999999873689376e-06,23.969999313354492,119.52999687194824,bo_selection
HT29,bocs_sparse,6,26980,246131,4.999999987376214e-07,1.9999999494757503e-05,10.489999771118164,106.04999732971191,bo_selection
HT29,combo_diffusion,7,82151,737754,2.0000000233721948e-07,9.999999974752427e-07,30.511999130249023,126.07199668884277,bo_selection
HT29,bocs_sparse,7,19893,34462,9.999999747378752e-05,4.999999873689376e-06,9.597999572753906,105.15799713134766,bo_selection
HT29,combo_diffusion,8,92859,754143,6.000000212225132e-06,9.99999993922529e-09,-9.619999885559082,85.93999767303467,bo_selection
HT29,bocs_sparse,8,92859,747599,6.000000212225132e-06,9.99999993922529e-09,0.05999999865889549,95.61999755725265,bo_selection
HT29,combo_diffusion,9,27640,246131,6.999999868639861e-08,1.9999999494757503e-05,3.5999999046325684,99.15999746322632,bo_selection
HT29,bocs_sparse,9,19893,34462,9.999999747378752e-05,4.999999873689376e-06,9.597999572753906,105.15799713134766,bo_selection
OVCAR-8,combo_diffusion,0,740,105014,1.0000000116860974e-07,9.999999974752427e-07,8.029999732971191,101.26000308990479,bo_selection
OVCAR-8,bocs_sparse,0,180973,698037,3.000000106112566e-06,9.999999974752427e-07,11.508999824523926,104.73900318145752,bo_selection
OVCAR-8,combo_diffusion,1,118218,719345,6.000000212225132e-06,4.0000000467443897e-07,8.899999618530273,102.13000297546387,bo_selection
OVCAR-8,bocs_sparse,1,105014,702294,9.999999974752427e-07,9.999999747378752e-06,1.659999966621399,94.89000332355499,bo_selection
OVCAR-8,combo_diffusion,2,19893,757441,9.999999747378752e-05,1.0000000116860974e-07,30.80699920654297,124.03700256347656,bo_selection
OVCAR-8,bocs_sparse,2,127716,715055,9.999999974752427e-07,9.999999747378752e-06,45.29999923706055,138.53000259399414,bo_selection
OVCAR-8,combo_diffusion,3,752,673596,9.999999747378752e-06,2.999999892949745e-08,14.072999954223633,107.30300331115723,bo_selection
OVCAR-8,bocs_sparse,3,8806,279836,9.999999747378752e-06,4.999999987376214e-07,10.845999717712402,104.076003074646,bo_selection
OVCAR-8,combo_diffusion,4,24559,755986,1.0000000116860974e-07,2.499999936844688e-05,-43.00899887084961,50.221004486083984,bo_selection
OVCAR-8,bocs_sparse,4,698037,701852,1.0000000116860974e-07,1.0000000116860974e-07,30.208999633789062,123.43900299072266,bo_selection
OVCAR-8,combo_diffusion,5,740,755,9.99999993922529e-09,1.999999987845058e-08,8.600000381469727,101.83000373840332,bo_selection
OVCAR-8,bocs_sparse,5,752,609699,9.999999747378752e-06,4.999999969612645e-09,26.28700065612793,119.51700401306152,bo_selection
OVCAR-8,combo_diffusion,6,24559,369100,9.999999974752427e-07,7.000000135093387e-09,-21.829999923706055,71.40000343322754,bo_selection
OVCAR-8,bocs_sparse,6,125973,749226,5.99999978589949e-08,4.999999873689376e-06,-16.78499984741211,76.44500350952148,bo_selection
OVCAR-8,combo_diffusion,7,3088,606869,9.999999974752427e-07,9.999999974752427e-07,11.82800006866455,105.05800342559814,bo_selection
OVCAR-8,bocs_sparse,7,606869,713563,9.999999974752427e-07,9.999999747378752e-05,-65.0770034790039,28.152999877929688,bo_selection
OVCAR-8,combo_diffusion,8,1390,713563,0.00019999999494757503,9.999999747378752e-05,-43.05500030517578,50.17500305175781,bo_selection
OVCAR-8,bocs_sparse,8,606869,713563,9.999999974752427e-07,9.999999747378752e-05,-65.0770034790039,28.152999877929688,bo_selection
OVCAR-8,combo_diffusion,9,241240,761432,4.999999873689376e-05,5.000000058430487e-08,-26.400999069213867,66.82900428771973,bo_selection
OVCAR-8,bocs_sparse,9,79037,749226,4.999999873689376e-05,5.000000058430487e-08,23.57200050354004,116.80200386047363,bo_selection
MDA-MB-231/ATCC,combo_diffusion,0,63878,122819,5.000000058430487e-08,1.0000000116860974e-07,61.86399841308594,155.83399963378906,bo_selection
MDA-MB-231/ATCC,bocs_sparse,0,752,761432,9.999999747378752e-06,4.999999969612645e-09,26.16900062561035,120.13900184631348,bo_selection
MDA-MB-231/ATCC,combo_diffusion,1,18509,732517,9.999999747378752e-06,1.0000000116860974e-07,39.65999984741211,133.63000106811523,bo_selection
MDA-MB-231/ATCC,bocs_sparse,1,45388,761432,4.999999873689376e-05,5.000000058430487e-08,13.24899959564209,107.21900081634521,bo_selection
MDA-MB-231/ATCC,combo_diffusion,2,82151,761432,1.999999987845058e-08,4.999999969612645e-09,28.4950008392334,122.46500205993652,bo_selection
MDA-MB-231/ATCC,bocs_sparse,2,71423,761432,3.000000106112566e-07,5.000000058430487e-08,18.52400016784668,112.4940013885498,bo_selection
MDA-MB-231/ATCC,combo_diffusion,4,27640,754143,7.000000135093387e-09,9.99999993922529e-09,-80.41999816894531,13.550003051757812,bo_selection
MDA-MB-231/ATCC,bocs_sparse,4,681239,754143,3.000000106112566e-07,9.99999993922529e-09,-93.95999908447266,0.01000213623046875,bo_selection
MDA-MB-231/ATCC,combo_diffusion,3,6396,761432,9.999999747378752e-06,5.000000058430487e-08,35.409000396728516,129.37900161743164,bo_selection
MDA-MB-231/ATCC,bocs_sparse,3,246131,613327,1.9999999949504854e-06,9.99999993922529e-09,-42.56999969482422,51.400001525878906,bo_selection
MDA-MB-231/ATCC,combo_diffusion,5,755,681239,1.9999999949504854e-06,3.000000026176508e-09,8.260000228881836,102.23000144958496,bo_selection
MDA-MB-231/ATCC,bocs_sparse,5,755,754230,1.9999999949504854e-06,5.999999941330714e-10,-36.540000915527344,57.43000030517578,bo_selection
MDA-MB-231/ATCC,combo_diffusion,6,125973,737754,5.99999978589949e-08,9.999999747378752e-06,25.70599937438965,119.67600059509277,bo_selection
MDA-MB-231/ATCC,bocs_sparse,6,737754,747971,9.999999747378752e-06,9.999999747378752e-06,11.534000396728516,105.50400161743164,bo_selection
MDA-MB-231/ATCC,combo_diffusion,7,82151,713563,1.999999987845058e-08,9.999999747378752e-05,-54.54100036621094,39.42900085449219,bo_selection
MDA-MB-231/ATCC,bocs_sparse,7,82151,713563,1.999999987845058e-08,9.999999747378752e-05,-54.54100036621094,39.42900085449219,bo_selection
MDA-MB-231/ATCC,combo_diffusion,9,92859,719276,6.000000212225132e-06,3.999999989900971e-06,15.40999984741211,109.38000106811523,bo_selection
MDA-MB-231/ATCC,bocs_sparse,9,752,123127,3.000000106112566e-06,5.000000058430487e-08,-4.269999980926514,89.70000123977661,bo_selection
MDA-MB-231/ATCC,combo_diffusion,8,92859,719276,6.000000212225132e-06,4.0000000467443897e-07,39.029998779296875,133.0,bo_selection
MDA-MB-231/ATCC,bocs_sparse,8,755,25154,1.9999999949504854e-06,2.9999999242136255e-05,-22.780000686645508,71.19000053405762,bo_selection
MDA-MB-435,combo_diffusion,0,24559,712807,9.999999974752427e-07,2.0000000233721948e-07,-89.3499984741211,4.099998474121094,bo_selection
MDA-MB-435,bocs_sparse,0,24559,712807,9.999999974752427e-07,1.9999999949504854e-06,-90.0199966430664,3.4300003051757812,bo_selection
MDA-MB-435,combo_diffusion,1,19893,713563,9.999999747378752e-05,9.999999747378752e-05,8.550000190734863,101.99999713897705,bo_selection
MDA-MB-435,bocs_sparse,1,125973,761432,5.99999978589949e-08,4.999999858590343e-10,-78.43499755859375,15.014999389648438,bo_selection
MDA-MB-435,combo_diffusion,2,713563,754230,9.999999747378752e-05,5.999999976025183e-12,9.029999732971191,102.47999668121338,bo_selection
MDA-MB-435,bocs_sparse,2,19893,713563,9.999999747378752e-05,9.999999747378752e-05,8.550000190734863,101.99999713897705,bo_selection
MDA-MB-435,combo_diffusion,3,608210,754143,9.999999974752427e-07,1.000000013351432e-10,-61.9739990234375,31.475997924804688,bo_selection
MDA-MB-435,bocs_sparse,3,92859,369100,6.000000212225132e-06,6.999999868639861e-08,33.189998626708984,126.63999557495117,bo_selection
MDA-MB-435,combo_diffusion,4,701852,754143,9.99999993922529e-09,9.99999993922529e-09,-83.62000274658203,9.829994201660156,bo_selection
MDA-MB-435,bocs_sparse,4,701852,754143,9.99999993922529e-09,9.99999993922529e-09,-83.62000274658203,9.829994201660156,bo_selection
MDA-MB-435,combo_diffusion,5,66847,102816,9.999999747378752e-06,3.000000106112566e-06,17.190000534057617,110.6399974822998,bo_selection
MDA-MB-435,bocs_sparse,5,608210,686673,9.999999974752427e-07,4.999999873689376e-05,-66.8010025024414,26.64899444580078,bo_selection
MDA-MB-435,combo_diffusion,6,67574,613327,9.99999993922529e-09,9.99999993922529e-09,52.63999938964844,146.08999633789062,bo_selection
MDA-MB-435,bocs_sparse,6,49842,755986,5.000000058430487e-08,2.499999936844688e-06,-43.16299819946289,50.2869987487793,bo_selection
MDA-MB-435,combo_diffusion,7,119875,754143,2.0000000233721948e-07,9.99999993922529e-09,-64.79000091552734,28.659996032714844,bo_selection
MDA-MB-435,bocs_sparse,7,608210,686673,9.999999974752427e-07,4.999999873689376e-05,-66.8010025024414,26.64899444580078,bo_selection
MDA-MB-435,combo_diffusion,8,740,754230,9.99999993922529e-09,5.999999976025183e-12,24.010000228881836,117.45999717712402,bo_selection
MDA-MB-435,bocs_sparse,8,713563,754230,9.999999747378752e-05,5.999999976025183e-12,9.029999732971191,102.47999668121338,bo_selection
MDA-MB-435,combo_diffusion,9,740,27640,1.0000000116860974e-07,6.999999868639861e-08,-29.979999542236328,63.46999740600586,bo_selection
MDA-MB-435,bocs_sparse,9,609699,673596,1.0000000116860974e-07,9.999999717180685e-10,53.18000030517578,146.62999725341797,bo_selection
PC-3,combo_diffusion,0,24559,606869,9.999999974752427e-07,9.999999717180685e-10,-7.480000019073486,84.42000150680542,bo_selection
PC-3,bocs_sparse,0,24559,606869,9.999999974752427e-07,9.999999717180685e-10,-7.480000019073486,84.42000150680542,bo_selection
PC-3,combo_diffusion,1,85998,256439,0.0010000000474974513,9.99999993922529e-09,67.802001953125,159.7020034790039,bo_selection
PC-3,bocs_sparse,1,9706,681239,4.999999987376214e-07,3.000000106112566e-07,-91.47000122070312,0.43000030517578125,bo_selection
PC-3,combo_diffusion,2,747599,747973,9.99999993922529e-09,2.999999892949745e-08,22.610000610351562,114.51000213623047,bo_selection
PC-3,bocs_sparse,2,109724,747973,9.999999747378752e-05,3.000000106112566e-07,-41.25,50.650001525878906,bo_selection
PC-3,combo_diffusion,3,92859,745750,6.000000212225132e-06,3.000000106112566e-07,1.2899999618530273,93.19000148773193,bo_selection
PC-3,bocs_sparse,3,24559,49842,9.999999974752427e-07,3.000000026176508e-09,7.230000019073486,99.13000154495239,bo_selection
PC-3,combo_diffusion,4,125066,608210,9.99999993922529e-09,9.999999974752427e-07,7.859000205993652,99.75900173187256,bo_selection
PC-3,bocs_sparse,4,125066,608210,9.99999993922529e-09,9.999999974752427e-07,7.859000205993652,99.75900173187256,bo_selection
PC-3,combo_diffusion,5,226080,256439,9.99999993922529e-09,1.000000013351432e-10,50.582000732421875,142.48200225830078,bo_selection
PC-3,bocs_sparse,5,226080,608210,5.000000058430487e-08,9.999999974752427e-07,-13.628000259399414,78.27200126647949,bo_selection
PC-3,combo_diffusion,6,34462,713563,4.999999873689376e-05,9.99999993922529e-09,52.32400131225586,144.22400283813477,bo_selection
PC-3,bocs_sparse,6,127716,747973,3.000000106112566e-07,2.999999892949745e-08,4.369999885559082,96.27000141143799,bo_selection
PC-3,combo_diffusion,7,740,1390,1.0000000116860974e-07,1.0000000116860974e-07,-19.56999969482422,72.33000183105469,bo_selection
PC-3,bocs_sparse,7,745750,754230,2.999999892949745e-08,5.999999802552836e-11,-6.289999961853027,85.61000156402588,bo_selection
PC-3,combo_diffusion,8,92859,745750,6.000000212225132e-06,3.000000106112566e-07,1.2899999618530273,93.19000148773193,bo_selection
PC-3,bocs_sparse,8,92859,719345,6.000000212225132e-06,4.0000000467443897e-07,1.440000057220459,93.34000158309937,bo_selection
PC-3,combo_diffusion,9,681239,750690,3.000000106112566e-07,1.0000000116860974e-07,-37.0,54.900001525878906,bo_selection
PC-3,bocs_sparse,9,681239,750690,3.000000106112566e-07,1.0000000116860974e-07,-37.0,54.900001525878906,bo_selection
T-47D,combo_diffusion,0,105014,713563,1.999999943436137e-09,9.999999747378752e-05,15.027999877929688,109.96800231933594,bo_selection
T-47D,bocs_sparse,0,712807,713563,9.999999747378752e-06,9.999999747378752e-05,11.809000015258789,106.74900245666504,bo_selection
T-47D,combo_diffusion,1,256942,673596,1.0000000116860974e-07,9.99999993922529e-09,18.933000564575195,113.87300300598145,bo_selection
T-47D,bocs_sparse,1,719344,761432,3.000000026176508e-09,5.000000058430487e-08,13.937000274658203,108.87700271606445,bo_selection
T-47D,combo_diffusion,2,752,761432,9.999999747378752e-06,5.000000058430487e-08,2.3489999771118164,97.28900241851807,bo_selection
T-47D,bocs_sparse,2,713563,719345,9.999999747378752e-05,3.000000106112566e-07,11.28499984741211,106.22500228881836,bo_selection
T-47D,combo_diffusion,3,9706,673596,4.999999987376214e-07,9.99999993922529e-09,42.619998931884766,137.56000137329102,bo_selection
T-47D,bocs_sparse,3,719344,761432,3.000000026176508e-09,5.000000058430487e-08,13.937000274658203,108.87700271606445,bo_selection
T-47D,combo_diffusion,4,125066,673596,9.99999993922529e-09,9.99999993922529e-09,42.40999984741211,137.35000228881836,bo_selection
T-47D,bocs_sparse,4,606869,761432,1.0000000116860974e-07,5.000000058430487e-08,12.826000213623047,107.7660026550293,bo_selection
T-47D,combo_diffusion,5,180973,761432,3.000000106112566e-06,4.999999969612645e-09,22.583999633789062,117.52400207519531,bo_selection
T-47D,bocs_sparse,5,49842,71423,5.000000058430487e-08,3.000000106112566e-06,15.869999885559082,110.81000232696533,bo_selection
T-47D,combo_diffusion,6,681239,750690,3.000000106112566e-07,1.0000000116860974e-07,-92.19999694824219,2.7400054931640625,bo_selection
T-47D,bocs_sparse,6,34462,256439,9.999999747378752e-05,9.99999993922529e-09,16.08799934387207,111.02800178527832,bo_selection
T-47D,combo_diffusion,7,701852,747973,1.0000000116860974e-07,3.000000106112566e-07,14.850000381469727,109.79000282287598,bo_selection
T-47D,bocs_sparse,7,85998,747973,9.999999974752427e-07,3.000000106112566e-07,-31.5,63.44000244140625,bo_selection
T-47D,combo_diffusion,8,628503,763371,2.999999892949745e-08,9.999999974752427e-07,22.07900047302246,117.01900291442871,bo_selection
T-47D,bocs_sparse,8,628503,763371,2.999999892949745e-08,1.0000000116860974e-07,17.628999710083008,112.56900215148926,bo_selection
T-47D,combo_diffusion,9,141540,715055,4.999999873689376e-06,9.999999747378752e-06,21.92300033569336,116.86300277709961,bo_selection
T-47D,bocs_sparse,9,762,25154,4.999999873689376e-06,3.000000106112566e-06,33.91999816894531,128.86000061035156,bo_selection
MOLT-4,combo_diffusion,0,27640,673596,6.999999868639861e-08,9.99999993922529e-09,-99.33000183105469,0.5800018310546875,bo_selection
MOLT-4,bocs_sparse,0,27640,673596,6.999999868639861e-08,9.99999993922529e-09,-99.33000183105469,0.5800018310546875,bo_selection
MOLT-4,combo_diffusion,1,24559,754143,9.999999974752427e-07,9.999999717180685e-10,-92.11000061035156,7.8000030517578125,bo_selection
MOLT-4,bocs_sparse,1,24559,754143,9.999999974752427e-07,9.999999717180685e-10,-92.11000061035156,7.8000030517578125,bo_selection
MOLT-4,combo_diffusion,2,141540,606869,4.999999873689376e-06,9.999999974752427e-07,-90.52400207519531,9.386001586914062,bo_selection
MOLT-4,bocs_sparse,2,82151,141540,1.999999987845058e-08,4.999999873689376e-06,-91.21099853515625,8.699005126953125,bo_selection
MOLT-4,combo_diffusion,3,63878,105014,9.99999993922529e-09,1.0000000116860974e-07,-99.70999908447266,0.20000457763671875,bo_selection
MOLT-4,bocs_sparse,3,63878,105014,9.99999993922529e-09,1.0000000116860974e-07,-99.70999908447266,0.20000457763671875,bo_selection
MOLT-4,combo_diffusion,5,169780,761432,9.999999747378752e-05,5.000000058430487e-08,-91.1760025024414,8.734001159667969,bo_selection
MOLT-4,bocs_sparse,5,27640,673596,6.999999868639861e-08,9.99999993922529e-09,-99.33000183105469,0.5800018310546875,bo_selection
MOLT-4,combo_diffusion,4,27640,712807,6.999999868639861e-08,2.0000000233721948e-07,-95.9800033569336,3.9300003051757812,bo_selection
MOLT-4,bocs_sparse,4,63878,673596,9.999999974752427e-07,9.999999717180685e-10,-99.87999725341797,0.03000640869140625,bo_selection
MOLT-4,combo_diffusion,6,63878,102816,9.999999974752427e-07,3.000000106112566e-06,-98.20999908447266,1.7000045776367188,bo_selection
MOLT-4,bocs_sparse,6,6396,63878,9.999999747378752e-06,9.999999974752427e-07,-99.9000015258789,0.01000213623046875,bo_selection
MOLT-4,combo_diffusion,7,750,14229,4.999999873689376e-06,3.000000106112566e-06,-95.91999816894531,3.9900054931640625,bo_selection
MOLT-4,bocs_sparse,7,686673,719345,1.9999999949504854e-06,4.0000000467443897e-07,-98.66000366210938,1.25,bo_selection
MOLT-4,combo_diffusion,8,169780,761432,9.999999747378752e-05,5.000000058430487e-08,-91.1760025024414,8.734001159667969,bo_selection
MOLT-4,bocs_sparse,8,673596,755986,2.999999892949745e-08,2.499999936844688e-05,-80.64299774169922,19.267005920410156,bo_selection
MOLT-4,combo_diffusion,9,1390,279836,0.00019999999494757503,5.000000058430487e-08,-84.98699951171875,14.923004150390625,bo_selection
MOLT-4,bocs_sparse,9,82151,122819,1.999999987845058e-08,9.999999974752427e-07,-90.92900085449219,8.981002807617188,bo_selection
