readout,discordance,ci_lo,ci_hi,n_pairs
hypoxic_fraction,0.276355421686747,0.2622991967871486,0.2909136546184739,3984
ets_early,0.3636115657392253,0.3535154118930715,0.37479541734860883,7332
depth_of_response,0.3641452758055707,0.35267271982523213,0.3749317312943747,7324
log_kill_nadir,0.3641452758055707,0.35308233205898415,0.3758874931731294,7324
nadir_burden,0.3641452758055707,0.3525395958492627,0.37493514472965594,7324
log_kill_auc,0.3649754500818331,0.3544701309328969,0.3761627114020731,7332
ttg_biexp,0.39246210569438755,0.3819472893622832,0.40365970230779735,7323
residual_core_burden,0.40561259411362083,0.3945242984257358,0.4171115674195756,7305
kg_biexp,0.4704037097654119,0.4581287506819422,0.48240930169121654,7332
